<?xml version="1.0" encoding="UTF-8"?>
<addon
  id="pvr.argustv"
  version="1.6.166"
  name="ARGUS TV client"
  provider-name="Fred Hoogduin, Marcel Groothuis">
  <requires>
    <c-pluff version="0.1"/>
    <import addon="xbmc.pvr" version="1.6.0"/>
  </requires>
  <extension
    point="xbmc.pvrclient"
    library_linux="XBMC_ArgusTV.pvr"
    library_osx="XBMC_ArgusTV.pvr"
    library_wingl="XBMC_ArgusTV_win32.dll"
    library_windx="XBMC_ArgusTV_win32.dll"
    library_android="libXBMC_ArgusTV.so"/>
  <extension point="xbmc.addon.metadata">
    <summary lang="af">XBMC voorprogram vir die ARGUS TV PVR http://www.argus-tv.com//</summary>
    <summary lang="be">XBMC frontend for the ARGUS TV PVR http://www.argus-tv.com//</summary>
    <summary lang="cs">Rozhraní XBMC pro ARGUS TV PVR http://www.argus-tv.com//</summary>
    <summary lang="da">XBMC frontend til ARGUS TV PVR http://www.argus-tv.com//</summary>
    <summary lang="de">XBMC frontend für ARGUS TV PVR http://www.argus-tv.com//</summary>
    <summary lang="el">Frontend του XBMC για το ARGUS TV PVR http://www.argus-tv.com/</summary>
    <summary lang="en">XBMC frontend for the ARGUS TV PVR http://www.argus-tv.com//</summary>
    <summary lang="es">Frontend de XBMC para ARGUS TV PVR http://www.argus-tv.com//</summary>
    <summary lang="es_AR">Frontend de XBMC para ARGUS TV PVR http://www.argus-tv.com//</summary>
    <summary lang="fr">XBMC Interface logicielle pour l'enregistreur vidéo ARGUS TV http://www.argus-tv.com//</summary>
    <summary lang="gl">Interface de XBMC para o PRV de ARGUS TV http://www.argus-tv.com//</summary>
    <summary lang="he">ממשק קדמי של XBMC ל ARGUS TV PVR http://www.argus-tv.com//</summary>
    <summary lang="hu">XBMC ARGUS TV előtér-kiszolgáló http://www.argus-tv.com//</summary>
    <summary lang="it">Frontend XBMC di ARGUS TV PVR http://www.argus-tv.com//</summary>
    <summary lang="ja">ARGUS TV PVR 用 XBMC フロントエンド http://www.argus-tv.com//</summary>
    <summary lang="ko">ARGUS TV PVR을 위한 XBMC 프론트엔드 http://www.argus-tv.com//</summary>
    <summary lang="lt">XBMC sąsaja su ARGUS TV PVR http://www.argus-tv.com//</summary>
    <summary lang="mk">XBMC интерфејс за ARGUS TV PVR http://www.argus-tv.com//</summary>
    <summary lang="nl">XBMC frontend voor het ARGUS-TV PVR http://www.argus-tv.com//</summary>
    <summary lang="pl">Interfejs XBMC dla ARGUS TV PVR http://www.argus-tv.com//</summary>
    <summary lang="pt">Frontend XBMC para ARGUS TV PVR http://www.argus-tv.com//</summary>
    <summary lang="pt_BR">Frontend do XBMC para o PVR ARGUS TV http://www.argus-tv.com//</summary>
    <summary lang="ro">Frontend XBMC pentru PVR-ul ARGUS TV http://www.argus-tv.com/</summary>
    <summary lang="ru">Интерфейс XBMC для ARGUS TV PVR http://www.argus-tv.com//</summary>
    <summary lang="sk">XBMC rozhranie pre ARGUS TV PVR http://www.argus-tv.com//</summary>
    <summary lang="sl">XBMC-jev vmesnik za ARGUS TV PVR http://www.argus-tv.com//</summary>
    <summary lang="sv">XBMC frontend för ARGUS TV PVR http://www.argus-tv.com/</summary>
    <summary lang="zh">XBMC的ARGUS TV PVR前端 http://www.argus-tv.com//</summary>
    <description lang="af">ARGUS TV PVR voorprogram. Ondersteun stroom van Lewendige TV &amp; Opnames, luister na Radio kanale, EPG en skedules.</description>
    <description lang="be">ARGUS TV PVR frontend. Supports streaming of Live TV &amp; Recordings, listening to Radio channels, EPG and schedules.</description>
    <description lang="cs">Rozhraní ARGUS TV PVR. Podporuje proudové vysílání živého vysílání a nahrávek, poslech kanálů rádia, EPG, a časovače.</description>
    <description lang="da">ARGUS TV PVR frontend'en understøtter streaming af direkte TV og optagelser, lytning til radiokanaler, EPG og tidsplaner.</description>
    <description lang="de">ARGUS TV PVR frontend. Unterstützt Streaming von TV &amp; Aufnahmen, Abspielen von Radiokanälen, EPG und Aufnahmepläne.</description>
    <description lang="el">Frontend για το ARGUS TV PVR. Υποστηρίζει ροές Live TV &amp; Εγγραφές, ακρόαση Ραδιοφώνου, EPG και προγραμματισμό.</description>
    <description lang="en">ARGUS TV PVR frontend. Supports streaming of Live TV &amp; Recordings, listening to Radio channels, EPG and schedules.</description>
    <description lang="es">Frontend de ARGUS TV PVR. Soporta transmisiones de TV en Vivo y Grabaciones, escuchar canales de Radio, Guía Electrónica de Programas (EPG) y temporizadores.</description>
    <description lang="es_AR">Frontend de ARGUS TV PVR. Soporta transmisiones de TV en Vivo y Grabaciones, escuchar canales de Radio, Guía Electrónica de Programas (EPG) y temporizadores.</description>
    <description lang="fr">Interface logicielle pour l'enregistreur vidéo ARGUS TV. Supporte la lecture en continu de télévision et son enregistrement, l'écoute de radios, les guides de programmes et les minuteries.</description>
    <description lang="gl">Interface do PVR de ARGUS TV. Soporta transmisión de TV ao vivo e Gravacións, escoita de canles de radio, EPG e programacións.</description>
    <description lang="he">ממשק קידמי של ARGOS TV  PVR. תומך בהצגת שידורי טלויזיה חיים והקלטות רשימות של תחנות רדיו לוחות שידורים ותזמוני הקלטות.</description>
    <description lang="hu">ARGUS TV PVR előtér-kiszolgáló. Élő adások, felvételek és rádió csatornák sugárzásának támogatása EPG-vel és időzítéssel.</description>
    <description lang="it">Frontend ARGUS TV PVR. Supporta lo streaming e la registrazione di Live TV, l'ascolto dei canali radio, la guida ai programmi e gli orari.</description>
    <description lang="ja">ARGUS TV PVR フロントエンドです。テレビ放送のストリーミング、録画、ラジオチャンネルの視聴、EPG、録画予約をサポートしています。</description>
    <description lang="ko">ARGUS TV PVR 프론트엔드. 라이브 TV 스트리밍과 녹화, 라디오 청취, EPG와 예약 지원.</description>
    <description lang="lt">ARGUS TV PVR frontend. Palaiko transliaciją ir įrašus iš Live TV. Klausykite radijo kanalus ir derinkite EPG tvarkaraščius.</description>
    <description lang="mk">ARGUS TV PVR интерфејс. Подржува стриминг на Live TV &amp; Снимки, слушање на радио канали, EPG и планирања.</description>
    <description lang="nl">ARGUS TV PVR frontend. Ondersteunt het bekijken van Live TV en opnames, het beluisteren van radio zenders, het tonen van de EPG en het inplannen/beheren van nieuwe opnames (Timers).</description>
    <description lang="pl">Interfejs ARGUS TV PVR. Obsługuje strumieniowe przesyłanie TV na żywo oraz nagrań, słuchanie kanałów radiowych, EPG i harmonogramy.</description>
    <description lang="pt">Frontend ARGUS TV PVR. Suporta transmissão de TV em directo e Gravações, audição de estações de Rádio, EPG e agendamentos.</description>
    <description lang="pt_BR">Frontend do PVR ARGUS TV. Suporta streaming de TV Ao Vivo &amp; Gravações, canais de Rádio, EPG e agendamento.</description>
    <description lang="ro">Frontend PVR ARGUS TV. Suportă difuzare în flux pentru televiziune în direct și pentru înregistrări, ascultarea canalelor radio, EPG și planificări.</description>
    <description lang="ru">Интерфейс для ARGUS TV PVR. Поддерживает просмотр потокового ТВ и видеозаписей, прослушивание радиоканалов и работу с электронным телегидом и расписаниями.</description>
    <description lang="sk">ARGUS TV PVR rozhranie. Podporuje streamovanie živého TV vysielania a nahrávok, počúvanie rozhlasových kanálov, EPG a plánovače.</description>
    <description lang="sl">Vmesnik za ARGUS TV PVR; podpira pretakanje televizije v živo &amp; posnetkov, poslušanje radia, EPG in časovnike.</description>
    <description lang="sv">ARGUS TV PVR frontend. Stödjer strömmning av direktsänd TV &amp; inspelningar, lyssna på radiokanaler, EPG och schemaläggning.</description>
    <description lang="zh">ARGUS TV PVR前端支持直播电视和节目录制、收听广播频道、电子节目表及计划任务功能。</description>
    <disclaimer lang="af">Hierdie is onstabiele sagteware! Die outeurs is op geen manier verantwoordelik vir gefaalde opnames, inkorrekte tydhouers, gemorsde ure, of enige ander ongewensde effekte.</disclaimer>
    <disclaimer lang="be">This is unstable software! The authors are in no way responsible for failed recordings, incorrect timers, wasted hours, or any other undesirable effects..</disclaimer>
    <disclaimer lang="ca">Això és programari inestable! Els autors no són en absolut responsables d'enregistraments fallist, temporitzadors incorrectes, hores tudades, o qualsevol altra efecte indesitjable...</disclaimer>
    <disclaimer lang="cs">Tento software není stabilní. Autoři nejsou žádným způsobem zodpovědní za selhání při nahrávání, neplatné časovače, ztracený čas, či jakékoliv jiné nežádoucí události...</disclaimer>
    <disclaimer lang="da">Dette er ustabil software! Ophavsmændene er på ingen måde ansvarlige for mislykkede optagelser, fejlagtige timere, spildte timer, eller andre uønskede konsekvenser.</disclaimer>
    <disclaimer lang="de">Diese Software ist noch in der Entwicklung! Die Autoren sind nicht für fehlgeschlagene Aufnahmen, falsche Timer, verschwendete Zeit oder andere ungewollte Effekte verantwortlich.</disclaimer>
    <disclaimer lang="el">Ασταθές πρόγραμμα! Οι δημιουργοί δεν είναι σε καμία περίπτωση υπεύθυνοι για αποτυχημένες εγγραφές, λανθασμένους χρονοδιακόπτες, χαμένες ώρες, ή κάθε είδους ανεπιθύμητα αποτελέσματα..</disclaimer>
    <disclaimer lang="en">This is unstable software! The authors are in no way responsible for failed recordings, incorrect timers, wasted hours, or any other undesirable effects..</disclaimer>
    <disclaimer lang="es">¡Este software es aún inestable! Los autores no son responsables en forma alguna por grabaciones fallidas, temporizaciones incorrectas, tiempo perdido o ningún otro efecto no deseado.</disclaimer>
    <disclaimer lang="es_AR">¡Este software es inestable! Los autores no se responsabilizan por grabaciones fallidas, temporizadores incorrectos, horas perdidas, o cualquier otro efecto no deseado..</disclaimer>
    <disclaimer lang="es_MX">¡Esto es software inestable! Los autores no son de ninguna manera responsables por grabaciones fallidas, temporizadores incorrectos, horas perdidas o cualquier otro efecto no deseado...</disclaimer>
    <disclaimer lang="fi">Tämä on epävakaa ohjelma! Ohjelman kirjoittavat eivät vastaa millään tavalla epäonnistuneista nauhoituksista, ajastimen väärästä toiminnasta, hukatusta ajasta tai muista ei-halutuista tapahtumista.</disclaimer>
    <disclaimer lang="fr">Logiciel en cours d'élaboration ! Les auteurs ne sont en aucun cas responsables de l'échec des enregistrements, minuteries défectueuses, temps perdu ou autres effets indésirables..</disclaimer>
    <disclaimer lang="gl">Este é software non estable, os autores non se fan responsábeis dos erros na gravacións, temporizadores incorrectos, e outros efectos non desexados.</disclaimer>
    <disclaimer lang="he">זוהי תוכנה לא יציבה! היוצרים אינם אחראים לכשלון בהקלטה, תזמונים לא נכונים, שעות מבוזבזות או כל השפעות בלתי רצויות אחרות.</disclaimer>
    <disclaimer lang="hu">Ez nem stabil szoftver! A készítők nem vállalnak felelősséget, a hibás felvételért, rossz időzítésért, elvesztegetett időért...</disclaimer>
    <disclaimer lang="is">Þetta er óstöðugur hugbúnaður! Höfundarnir eru á engann hátt ábyrgir fyrir misheppnuðum upptökum, röngum upptökutímum, klukkustundum sem að fóru í súginn eða nokkrum öðrum óæskilegum áhrifum.</disclaimer>
    <disclaimer lang="it">Questo software è instabile! Gli autori non sono in alcun modo responsabili per registrazioni fallite, timers incorretti, ore perse, o qualsiasi altro effetto indesiderato.</disclaimer>
    <disclaimer lang="ja">これは不安定なソフトウェアです！本プログラムの作者は、録画の失敗、正確に作動しなかったタイマー、無駄にした時間、その他あらゆる好ましくない結果について責任を負わないものとします。</disclaimer>
    <disclaimer lang="ko">이 소프트웨어는 불안정합니다! 제작자는 녹화 실패, 부정확한 타이머, 시간 낭비 및 기타 예상하지 못한 결과에 대해 책임지지 않습니다..</disclaimer>
    <disclaimer lang="lt">Tai yra nestabili programinė įranga! Autorius jokiu būdu neatsakingas už nepavykusius įrašus, neteisingus laikmačius, iššvaistytas valandas, ar nutikus kitiems nepageidaujamiems poveikiams ...[COLOR=red](xbmc.lt siūlo/rekomenduoja testuojant šį priedą persijungti į Anglų [orinali] kalbą)[/COLOR]</disclaimer>
    <disclaimer lang="mk">Ова е нестабилен софтвер! Авторите на ниту еден начин не одговараат за неуспешни снимки, неточни тајмери, потрошени часови, или било кои други несакани ефекти.</disclaimer>
    <disclaimer lang="nl">Deze software is niet 100% stabiel! De auteurs zijn op geen enkele wijze aansprakelijk voor mislukte opnames, verspilde tijd, of enig ander ongewild neveneffect..</disclaimer>
    <disclaimer lang="no">Dette er ustabil programvare! Skaperen har ikke på noen måte ansvar for feilede opptak, feile timere, bortkastede timer, eller andre uønskede effekter..</disclaimer>
    <disclaimer lang="pl">To oprogramowanie jest niestabilne! Autorzy w żaden sposób nie odpowiadają za nieudane nagrania, źle działające wyłączniki czasowe, stracone godziny czy też jakiekolwiek inne niepożądane efekty.</disclaimer>
    <disclaimer lang="pt">Este software é instável! Os autores não são de forma alguma responsáveis por gravações falhadas, temporizadores incorrectos, horas desperdiçadas, ou qualquer outro tipo de efeitos indesejáveis..</disclaimer>
    <disclaimer lang="pt_BR">Este é um software instável! Os autores não são responsáveis por falhas nas gravações, agendamentos incorretos, horas desperdiçadas, ou quaisquer outros efeitos indesejáveis.</disclaimer>
    <disclaimer lang="ro">Acesta nu este o aplicație definitivă! Autorii nu sunt în nici un fel responsabili pentru înregistrări eșuate, cronometre incorecte, ore pierdute, sau orice alte efecte nedorite...</disclaimer>
    <disclaimer lang="ru">Это нестабильная программа! Авторы не несут ответственности за неудачные записи, неверные таймеры, потраченное время и прочие нежелательные эффекты.</disclaimer>
    <disclaimer lang="sk">Tento softvér nie je stabilný! Autori nenesú žiadnu zodpovednosť za chybné nahrávky vysielania, nesprávne časovače alebo iné neželané udalosti spôsobené týmto softvérom..</disclaimer>
    <disclaimer lang="sl">To je nestabilna programska oprema! Avtorji niso odgovorni za neuspela snemanja, nepravilne časovnike, zapravljen čas in katerikoli drug neželen učinek...</disclaimer>
    <disclaimer lang="sv">Detta är ostabil mjukvara! Upphovsmännen är inte ansvariga för misslyckade inspelningar, inkorrekta timers, bortslösade timmar, eller några andra oönskade effekter..</disclaimer>
    <disclaimer lang="zh">这是不稳定版的软件！作者不对录制失败、错误定时造成时间浪费或其它不良影响负责。</disclaimer>
    <platform>android</platform>
  </extension>
</addon>
