<?xml version="1.0" encoding="UTF-8" standalone="yes"?>
<addon id="plugin.video.bbts" name="BBTS" version="0.1.2" provider-name="BBTS">
  <requires>
    <import addon="xbmc.python" version="2.1.0"/>
  </requires>
  <extension point="xbmc.python.pluginsource" library="addon.py">
    <provides>video</provides>
  </extension>
  <extension point="xbmc.addon.metadata">
    <summary lang="en">BBTS add-on</summary>
    <description lang="en">BBTS is brought to you by the people and for the people. With the people's support, we will give back even more for all of us! Let's get started! Plugin by @koderdude</description>
    <disclaimer lang="en">The add-on is maintained by the BBTS community and our generator fetches addons from multiple sources. Therefore BBTS accepts no responsibility for included addons,straems or midia.</disclaimer>
    <language></language>
    <platform>all</platform>
    <license></license>
    <forum></forum>
    <website>http://www.bbtsip.tv</website>
    <email></email>
    <source></source>
  </extension>
</addon>