<?xml version="1.0" encoding="UTF-8" standalone="yes"?>
<addon id="plugin.video.HD1"
       name="HD1"
       version="1.0.4"
       provider-name="JUL1EN094">
  <requires>
    <import addon="xbmc.python" version="2.1.0"/>
    <import addon="script.module.parsedom" version="2.5.1"/>
  </requires>
  <extension point="xbmc.python.pluginsource"
            library="default.py">
        <provides>video</provides>
  </extension>
  <extension point="xbmc.addon.metadata">
    <platform>all</platform>
    <summary>HD1</summary>
    <summary lang="fr">HD1</summary>
    <description>HD1</description>
    <description lang="fr">Plugin donnant accès aux vidéos du site HD1.tv</description>
  </extension>
</addon>
