<?xml version="1.0" encoding="UTF-8" standalone="yes"?>
<addon id="plugin.video.ft" name="FT" version="1.2" provider-name="Doc Shadrach">
	<requires>
		<import addon="xbmc.python" version="2.1.0"/>
		<import addon="script.module.urlresolver" version="1.0.0"/>
	</requires>
	<extension point="xbmc.python.pluginsource" library="default.py">
		<provides>video</provides>
	</extension>
	<extension point="xbmc.addon.metadata">
		<summary>FT</summary>
		<description>Rastrea los servidores en busca de videos.</description>
		<platform>all</platform>
	</extension>
</addon>