<?xml version="1.0" encoding="UTF-8" standalone="yes"?>
<addon id="plugin.video.itv.catchup"
       name="ITV Catchup"
       version="1.0.7"
       provider-name="dlake02">
  <requires>
    <import addon="xbmc.python" version="1.0"/>
  </requires>
  <extension point="xbmc.python.pluginsource"
            library="default.py">
        <provides>video</provides>
  </extension>
  <extension point="xbmc.addon.metadata">
    <platform>all</platform>
    <summary>ITV Player</summary>
    <description>Catchup with shows from UK network ITV.  NOTE: This geo-locked to UK ONLY.</description>
	<genre>tv,uk</genre>
    <license>GPL</license>
  </extension>
</addon>