<?xml version="1.0" encoding="UTF-8" standalone="yes"?>
    <addon id="plugin.program.addoninstaller" version="1.2.5"
    	name="Addon Installer" provider-name="tvaddons.ag, Blazetamer">
    <requires>
        <import addon="xbmc.python" version="2.1.0"/>
        <import addon="script.module.addon.common" optional="true" />
    </requires>
    <extension point="xbmc.python.pluginsource" library="default.py">
        <provides>executable</provides>
    </extension>
    <extension point="xbmc.addon.metadata">
        <summary>Addon Browser</summary>
        <description>Its like an App Store where you'll find Addons for Kodi, and everything is free!</description>
        <disclaimer>By using this, you take reponsibility for anything that happens.</disclaimer>
        <language>en</language>
        <platform>all</platform>
        <forum>http://forums.tvaddons.ag/forums/156-ADDON-INSTALLER</forum>
        <website>http://addons.tvaddons.ag/</website>
        <source></source>
        <email></email>
    </extension>
</addon>