<?xml version="1.0" encoding="UTF-8"?>
<addon
  id="pvr.nextpvr"
  version="1.6.5"
  name="NextPVR PVR Client"
  provider-name="Graeme Blackley">
  <requires>
    <c-pluff version="0.1"/>
    <import addon="xbmc.pvr" version="1.6.0"/>
  </requires>
  <extension
    point="xbmc.pvrclient"
    library_linux="XBMC_NextPVR.pvr"
    library_osx="XBMC_NextPVR.pvr"
    library_wingl="XBMC_NextPVR_win32.dll"
    library_windx="XBMC_NextPVR_win32.dll"
    library_android="libXBMC_NextPVR.so"/>
  <extension point="xbmc.addon.metadata">
    <summary lang="af">XBMC voorprogram vir die NextPVR</summary>
    <summary lang="be">XBMC frontend for the NextPVR</summary>
    <summary lang="ca">Frontal XBMC pel NextPVR</summary>
    <summary lang="cs">Rozhraní XBMC pro NextPVR</summary>
    <summary lang="da">XBMC frontend til NextPVR</summary>
    <summary lang="de">XBMC-Frontend für NextPVR</summary>
    <summary lang="el">Frontend του XBMC για το NextPVR</summary>
    <summary lang="en">XBMC frontend for the NextPVR</summary>
    <summary lang="es">Front-end de XBMC para NextPVR</summary>
    <summary lang="es_AR">Front-end de XBMC para NextPVR</summary>
    <summary lang="et">XBMC esi NextPVR'ile</summary>
    <summary lang="fr">Applicatif XBMC pour l'enregistreur NextPVR</summary>
    <summary lang="gl">Interface de XBMC para NextPVR</summary>
    <summary lang="he">ממשק קדמי XBMC עבור NextPVR</summary>
    <summary lang="hu">XBMC NextPVR előtér-kiszolgáló</summary>
    <summary lang="it">Frontend XBMC per NextPVR</summary>
    <summary lang="ja">NextPVR 用 XBMC フロントエンド</summary>
    <summary lang="ko">NextPVR을 위한 XBMC 프론트엔드</summary>
    <summary lang="lt">XBMC sąsaja dėl/su NextPVR</summary>
    <summary lang="mk">XBMC интерфејс за NextPVR</summary>
    <summary lang="nl">XBMC frontend voor de NextPVR</summary>
    <summary lang="pl">Interfejs XBMC dla NextPVR</summary>
    <summary lang="pt">Frontend XBMC para NextPVR</summary>
    <summary lang="pt_BR">XBMC Frontend para o NextPVR</summary>
    <summary lang="ro">Interfața XBMC pentru NextPVR</summary>
    <summary lang="ru">Интерфейс XBMC для NextPVR</summary>
    <summary lang="sk">XBMC rozhranie pre NextPVR</summary>
    <summary lang="sl">XBMC-jev vmesnik za NextPVR</summary>
    <summary lang="sv">XBMC-frontend för NextPVR</summary>
    <summary lang="zh">XBMC的NextPVR前端</summary>
    <description lang="af">NextPVR voorprogram. Ondersteun stroom van Lewendige TV &amp; Opnames, luister na Radio kanale en EPG.</description>
    <description lang="be">NextPVR frontend. Supports streaming of Live TV &amp; Recordings, listening to Radio channels and EPG.</description>
    <description lang="ca">Frontal NextPVR. Suporta fluxes de TV en directe i enregistraments, escoltes de ràdiio i EPG.</description>
    <description lang="cs">Rozhraní NextPVR. Podporuje proudové vysílání živého vysílání a nahrávek, poslech kanálů rádia a EPG.</description>
    <description lang="da">NextPVR frontend; understøtter streaming af TV og Optagelser, Radiokanaler og EPG.</description>
    <description lang="de">Erlaubt die Wiedergabe von Live TV und Aufnahmen mittels NextPVR auf XBMC. Desweiteren werden Radio-Kanäle und EPG unterstützt.</description>
    <description lang="el">Frontend για το NextPVR. Υποστηρίζει ροές Live TV &amp; Εγγραφές, ακρόαση Ραδιοφώνου και EPG.</description>
    <description lang="en">NextPVR frontend. Supports streaming of Live TV &amp; Recordings, listening to Radio channels and EPG.</description>
    <description lang="es">Front-end de NextPVR. Soporta transmisiones de TV en Vivo y Grabaciones, escuchar canales de Radio y Guía Electrónica de Programas (EPG).</description>
    <description lang="es_AR">Front-end de NextPVR. Soporta transmisiones de TV en Vivo y Grabaciones, escuchar canales de Radio y Guía Electrónica de Programas (EPG).</description>
    <description lang="et">NextPVR esi. Toetab telekanalite striimimist ja salvestamist, raadio kuulamist ja elektroonilist saatekava.</description>
    <description lang="fr">Applicatif XBMC pour NextPVR. Supporte la lecture en continu de direct TV et l'enregistrement, l'écoute de radios et les guides de programmes.</description>
    <description lang="gl">Interface de NextPVR. Compatíbel coa transmisión de TV ao vivo, gravacións e escoita de canles de radio e EPG.</description>
    <description lang="he"> ממשק קדמי NextPVR.תומך בשידורים חיים והקלטות של טלוויזיה ורדיו ולוחות שידורים</description>
    <description lang="hu">NextPVR előtér-kiszolgáló. Élő adások, felvételek és rádió csatornák sugárzásának támogatása EPG-vel</description>
    <description lang="it">Frontend NextPVR. Supporta lo streaming di Live TV, le registrazioni, l'ascolto dei canali radio e l'EPG.</description>
    <description lang="ja">NextPVR フロントエンドです。Live TV や録画番組のストリーミング、ラジオチャンネルの視聴、EPG をサポートしています。</description>
    <description lang="ko">NextPVR 프론트엔드. 라이브 TV 스트리밍과 녹화, 라디오 청취, EPG를 지원합니다.</description>
    <description lang="lt">NextPVR sąsaja remia transliacijos Live TV &amp; Įrašus, klausytis radijo kanalus per EPG</description>
    <description lang="mk">NextPVR интерфејс. Подржува стриминг на Live TV и снимања, слушање радио канали и ЕПГ</description>
    <description lang="nl">NextPVR frontend. Ondersteunt streaming van Live TV &amp; Recordings, het luisteren naar Radio kanalen en EPG.</description>
    <description lang="pl">Warstwa prezentacji NextPVR. Wspiera strumieniowanie TV na żywo i nagrywanie, słuchanie radia oraz EPG.</description>
    <description lang="pt">Frontend NextPVR. Suporta transmissão de Live TV e Gravações, ouvir estações de Rádio e EPG.</description>
    <description lang="pt_BR">NextPVR Frontend. Suporta streaming de TV ao Vivo e Gravações, ouvir canais de rádio e EPG.</description>
    <description lang="ro">Interfața NextPVR. Suporta streaming Live TV, inregistrari, radio și gid electronic de programe </description>
    <description lang="ru">Интерфейс для NextPVR. Поддерживает просмотр и запись ТВ, прослушивание радио и EPG.</description>
    <description lang="sk">NextPVR rozhranie. Podporuje streamovanie živého televízneho vysielania a nahrávok, počúvanie rozhlasových kanálov a EPG.</description>
    <description lang="sl">Vmesnik za NextPVR; podpira pretakanje televizije v živo &amp; posnetkov, poslušanje radia in EPG.</description>
    <description lang="sv">NextPVR-frontend. Stödjer strömning av direktsänd TV &amp; inspelningar, lyssna på radiokanaler och EPG.</description>
    <description lang="zh">Tvheadend前端，支持直播电视播放和录制、收听电台和电子节目单</description>
    <disclaimer lang="af">Hierdie is werk in vordering. Gebruik op jou eie risiko.</disclaimer>
    <disclaimer lang="be">This is a work in progress. Use at your own risk.</disclaimer>
    <disclaimer lang="ca">Això és un treball en curs. Utilitzau baix la vostra responsabilitat.</disclaimer>
    <disclaimer lang="cs">Práce na tomto rozhraní stále probíhají. Používejte na vlastní nebezpečí.</disclaimer>
    <disclaimer lang="da">Dette er igangværende arbejde. Brug på eget ansvar.</disclaimer>
    <disclaimer lang="de">Befindet sich noch in Entwicklung. Benutzung auf eigene Gefahr!</disclaimer>
    <disclaimer lang="el">Έργο υπό ανάπτυξη. Χρησιμοποιήστε το υπ' ευθύνη σας.</disclaimer>
    <disclaimer lang="en">This is a work in progress. Use at your own risk.</disclaimer>
    <disclaimer lang="es">Este es un trabajo en desarrollo. Úsalo bajo tu responsabilidad.</disclaimer>
    <disclaimer lang="es_AR">Este es un trabajo en desarrollo. Usarlo bajo propio riesgo.</disclaimer>
    <disclaimer lang="es_MX">Este es un trabajo en curso. Úsalo bajo tu propio riesgo.</disclaimer>
    <disclaimer lang="et">See on pooleliolev töö. Kasutada omal vastutusel.</disclaimer>
    <disclaimer lang="fr">Logiciel en cours d'élaboration. À utiliser à vos risques et périls.</disclaimer>
    <disclaimer lang="gl">Aínda se está no desenvolvemento. Usar baixo o seu propio risco.</disclaimer>
    <disclaimer lang="he">פרויקט זה הנו בתהליך מתמשך.השתמש על אחריותך בלבד.</disclaimer>
    <disclaimer lang="hu">Fejlesztés alatt! A saját felelősségére használja!</disclaimer>
    <disclaimer lang="it">Questo è un lavoro in corso d'opera. Utilizzalo a tuo rischio e pericolo.</disclaimer>
    <disclaimer lang="ja">これは現在開発中のプログラムです。利用は自己責任でお願いします。</disclaimer>
    <disclaimer lang="ko">아직 개발 진행중입니다. 부족한 부분이 있을 수 있습니다.</disclaimer>
    <disclaimer lang="lt">Tai yra nestabili programinė įranga! Autorius jokiu būdu neatsakingas už nepavykusius įrašus, neteisingus laikmačius, iššvaistytas valandas, ar nutikus kitiems nepageidaujamiems poveikiams ...[COLOR=red](xbmc.lt siūlo/rekomenduoja testuojant šį priedą persijungti į Anglų [orinali] kalbą)[/COLOR]</disclaimer>
    <disclaimer lang="mk">Ова е работа која се извршува. Користи на сопствен ризик.</disclaimer>
    <disclaimer lang="nl">Hier wordt aan gewerkt, Gebruik op eigen risico.</disclaimer>
    <disclaimer lang="pl">Ten projekt jest w trakcie realizacji. Używasz na własne ryzyko.</disclaimer>
    <disclaimer lang="pt">Isto é um projecto em curso. Use-o por sua conta e risco.</disclaimer>
    <disclaimer lang="pt_BR">Este é um trabalho em progresso. Use a seu próprio risco</disclaimer>
    <disclaimer lang="ro">Această este un proiect în lucru. Utilizați pe propriul risc.</disclaimer>
    <disclaimer lang="ru">Разработка программы не окончена. Используйте на свой страх и риск.</disclaimer>
    <disclaimer lang="sk">Práca na tomto rozhraní stále prebieha. Používajte ho preto na vlastné riziko.</disclaimer>
    <disclaimer lang="sl">Dodatek je še v izdelavi. Uporaba na lastno odgovornost.</disclaimer>
    <disclaimer lang="sv">Detta är ett pågående arbete. Använd på egen risk.</disclaimer>
    <disclaimer lang="zh">此插件仍在开发中，请自行把握试用风险。</disclaimer>
    <platform>android</platform>
  </extension>
</addon>
