<?xml version="1.0" encoding="UTF-8" standalone="yes"?>
<addon id="plugin.video.NT1Replay"
       name="NT1 Replay"
       version="1.0.2"
       provider-name="JUL1EN094">
  <requires>
    <import addon="xbmc.python" version="2.1.0"/>
    <import addon="script.module.parsedom" version="2.5.1"/>
  </requires>
  <extension point="xbmc.python.pluginsource"
            library="default.py">
        <provides>video</provides>
  </extension>
  <extension point="xbmc.addon.metadata">
    <platform>all</platform>
    <summary>NT1 Replay</summary>
    <summary lang="fr">NT1 Replay</summary>
    <description>NT1 Catchup TV</description>
    <description lang="fr">Plugin donnant accès aux vidéos de rattrapage de la chaîne NT1</description>
  </extension>
</addon>
