<?xml version="1.0" encoding="UTF-8" standalone="yes"?>
<addon id="plugin.video.tv-release"
       name="Tv-release"
       version="2.0.4"
       provider-name="Jas0npc">
  <requires>
        <import addon="xbmc.python" version="2.1.0" />
        <import addon="script.module.t0mm0.common" version="2.0.0"/>
		<import addon="script.module.metahandler" version="0.0.1"/>
  </requires>
  <extension point="xbmc.python.pluginsource"
            library="default.py">
        <provides>video</provides>
  </extension>
  <extension point="xbmc.addon.metadata">
    <summary lang="en">Tv-release</summary>
    <description lang="en">"I don't know the key to success but I know the key to failure is trying to please everybody."[CR]Bill Cosby (1937)</description>
    <platform>all</platform>
  </extension>
</addon>
