﻿<?xml version="1.0" encoding="UTF-8" standalone="yes"?>
<addon id="plugin.video.astral.media"
       name="Astral Media"
       version="1.0.9"
       provider-name="Frost (passion-xbmc.org)">
  <requires>
    <import addon="xbmc.python" version="1.0"/>
  </requires>
  <extension point="xbmc.python.pluginsource"
             library="default.py">
    <provides>video</provides>
  </extension>
  <extension point="xbmc.addon.metadata">
    <broken>Because sites change, and the author has no time to update...</broken>
    <summary>Plugin vidéo sur les émissions Québécoise en français</summary>
    <description>Plugin vidéo vous permettent de regarder la TV Québécoise, mais à 90% avec un bon français :P

[B]Genres de tous:[/B]
 - [B]Canal D[/B] vous propose des documentaires divers dont des documentaires animaliers, des biographies, des enquêtes policières et des émissions d'humour.
 - [B]Canal Vie[/B] vous présente des émissions et vous propose de la webtélé.
 - [B]HiSToRiA TV[/B] - Chaîne de télévision francophone spécialisée sur l'histoire.
 - [B]Séries+[/B] propose des séries télé ayant comme genres le drame, la comédie, les enquêtes policières et le suspense ainsi que des nouvelles et potins de stars.
 - [B]Ztélé[/B] est une chaîne de télévision spécialisée dans les nouvelles technologies, la science, le multimédia, les jeux vidéo et les séries de science-fiction.

[B]Types de contenue:[/B]
 - Bandes-annonces
 - Épisodes complets
 - Exclusivités web
 - Extraits d'émission

Et plus...[CR]</description>
    <platform>all</platform>
    <nofanart>true</nofanart>
  </extension>
</addon>
