<?xml version="1.0" encoding="UTF-8"?>
<addon
  id="pvr.demo"
  version="1.6.1"
  name="PVR Demo Client"
  provider-name="Pulse-Eight Ltd.">
  <requires>
    <c-pluff version="0.1"/>
    <import addon="xbmc.pvr" version="1.6.0"/>
  </requires>
  <extension
    point="xbmc.pvrclient"
    library_linux="XBMC_Demo.pvr"
	library_osx="XBMC_Demo.pvr"
    library_wingl="XBMC_Demo_win32.dll"
    library_windx="XBMC_Demo_win32.dll"
    library_android="libXBMC_Demo.so" />
  <extension point="xbmc.addon.metadata">
    <summary lang="en">Demo PVR Client</summary>
    <description lang="en">Demo PVR Client</description>
    <disclaimer lang="en">Just contains stubs</disclaimer>
    <platform>android</platform>
  </extension>
</addon>
