<?xml version="1.0" ?>
<addon id="plugin.video.catchuptv.au.nine" name="Ninemsn Jump-In" provider-name="adammw111" version="0.0.3">
  <requires>
    <import addon="xbmc.python" version="2.1.0"/>
    <import addon="script.module.simplejson"/>
    <import addon="script.module.beautifulsoup"/>
    <import addon="script.module.catchuptv.brightcove"/>
    <import addon="script.module.xbmcswift2" version="2.4.0"/>
  </requires>
  <extension library="default.py" point="xbmc.python.pluginsource">
    <provides>video</provides>
  </extension>
  <extension point="xbmc.addon.metadata">
    <platform>all</platform>
    <minversion>31542</minversion>
    <summary>Watch videos from Ninemsn's Jump In</summary>
    <description>Watch videos from Ninemsn's Jump In</description>
    <disclaimer>You must be within Australia to use watch these videos.</disclaimer>
    <email>adman.com@gmail.com</email>
    <source>https://github.com/xbmc-catchuptv-au/plugin.video.catchuptv.au.nine.git</source>
    <website>https://github.com/xbmc-catchuptv-au/plugin.video.catchuptv.au.nine</website>
  </extension>
</addon>
