﻿<?xml version="1.0" encoding="UTF-8" standalone="yes"?>
<addon id="plugin.video.kino.rf"
       name="kino.rf"
       version="0.1.5"
       provider-name="NuisMons">
  <requires>
    <import addon="xbmc.python" version="1.0"/>
	<import addon="script.module.beautifulsoup"/>
  </requires>
  <extension point="xbmc.python.pluginsource"
             provides="video"
             library="default.py">
    <provides>video</provides>
  </extension>
  <extension point="xbmc.addon.metadata">

    <summary>Просмотр аниме онлайн online.anidub.com</summary>
    <description>Просмотр аниме онлайн online.anidub.com</description>
    <platform>all</platform>
  </extension>
</addon>

