<?xml version="1.0" encoding="UTF-8" standalone="yes"?>
<addon id="repository.Asian" name="Asian Addons" version="1.2.0" provider-name="netxeon">
	<extension point="xbmc.addon.repository">
		<info compressed="false">https://raw.githubusercontent.com/tustxk/AddOnRepo/master/Asian/addons.xml</info>
		<checksum>https://raw.githubusercontent.com/tustxk/AddOnRepo/master/Asian/addons.xml.md5</checksum>
		<datadir zip="true">https://raw.githubusercontent.com/tustxk/AddOnRepo/master/Asian</datadir>
	</extension>
	<extension point="xbmc.addon.metadata">
		<summary>XBMC Addons for Asian Only</summary>
		<description>This kk repository contains addons that are for adults only. You may only view the contents of this repository if you are at least 18 years of age, or at least the age of majority in the jurisdiction where you reside or from which you access this content.</description>
		<disclaimer>The owners and submitters to tis repository do not host or distribute any of the content displayed by these addons nor do they have any affiliation with the content providers.</disclaimer>
		<platform>all</platform>
	</extension>
</addon>
